product_media_id,original_product_id,product_id,general_image,small_image,large_image
NULL,364,NULL,NULL,NULL,https://www.academyfence.com/images/DevXy/6122x4rollbk.png
NULL,365,NULL,NULL,NULL,https://www.academyfence.com/images/DevXy/1322x4rollgr.gif.png
NULL,366,NULL,NULL,NULL,https://www.academyfence.com/images/DevXy/432x4rollbk.png
NULL,367,NULL,NULL,NULL,https://www.academyfence.com/images/DevXy/252x4rollbk.png
NULL,368,NULL,NULL,NULL,https://www.academyfence.com/images/DevXy/7892x4rollbk.png
NULL,371,NULL,NULL,NULL,https://www.academyfence.com/images/DevXy/8062x4rollbk.png
NULL,372,NULL,NULL,NULL,https://www.academyfence.com/images/DevXy/5742x4rollbk.png
NULL,379,NULL,NULL,NULL,https://www.academyfence.com/images/DevXy/6942x4rollbk.png
NULL,380,NULL,NULL,NULL,https://www.academyfence.com/images/DevXy/4242x4rollbk.png
NULL,381,NULL,NULL,NULL,https://www.academyfence.com/images/DevXy/12x4rollgr.gif.png
NULL,382,NULL,NULL,NULL,https://www.academyfence.com/images/DevXy/4482x4rollgr.gif.png
NULL,383,NULL,NULL,NULL,https://www.academyfence.com/images/DevXy/8352x4rollgr.gif.png
NULL,384,NULL,NULL,NULL,https://www.academyfence.com/images/DevXy/7632x4rollgr.gif.png
NULL,385,NULL,NULL,NULL,https://www.academyfence.com/images/DevXy/3142x4rollgr.gif.png
NULL,386,NULL,NULL,NULL,https://www.academyfence.com/images/DevXy/8552x4rollgr.gif.png
NULL,387,NULL,NULL,NULL,https://www.academyfence.com/images/DevXy/552x4brown.jpg
NULL,388,NULL,NULL,NULL,https://www.academyfence.com/images/DevXy/2112x4brown.jpg
NULL,389,NULL,NULL,NULL,https://www.academyfence.com/images/DevXy/NULL
NULL,390,NULL,NULL,NULL,https://www.academyfence.com/images/DevXy/5361x1black.jpg
NULL,391,NULL,NULL,NULL,https://www.academyfence.com/images/DevXy/7371x1green.jpg
NULL,392,NULL,NULL,NULL,https://www.academyfence.com/images/DevXy/151x1black.jpg
NULL,393,NULL,NULL,NULL,https://www.academyfence.com/images/DevXy/5471x1black.jpg
NULL,394,NULL,NULL,NULL,https://www.academyfence.com/images/DevXy/7441x1green.jpg
NULL,395,NULL,NULL,NULL,https://www.academyfence.com/images/DevXy/9071x1green.jpg
NULL,396,NULL,NULL,NULL,https://www.academyfence.com/images/DevXy/1543x2rollgr.gif.png
NULL,398,NULL,NULL,NULL,https://www.academyfence.com/images/DevXy/2543x2rollgr.gif.png
NULL,399,NULL,NULL,NULL,https://www.academyfence.com/images/DevXy/4503x2rollgr.gif
NULL,400,NULL,NULL,NULL,https://www.academyfence.com/images/DevXy/5523x2black.jpg
NULL,402,NULL,NULL,NULL,https://www.academyfence.com/images/DevXy/8853x2black.jpg
NULL,408,NULL,NULL,NULL,https://www.academyfence.com/images/DevXy/45515x4black.jpg
NULL,410,NULL,NULL,NULL,https://www.academyfence.com/images/DevXy/94915x4green.jpg
NULL,412,NULL,NULL,NULL,https://www.academyfence.com/images/DevXy/7581x2green.jpg
NULL,413,NULL,NULL,NULL,https://www.academyfence.com/images/DevXy/4551x2green.jpg
NULL,414,NULL,NULL,NULL,https://www.academyfence.com/images/DevXy/9821x2green.jpg
NULL,415,NULL,NULL,NULL,https://www.academyfence.com/images/DevXy/7281x2green.jpg
NULL,43070,NULL,NULL,NULL,https://www.academyfence.com/images/DevXy/NULL
NULL,43069,NULL,NULL,NULL,https://www.academyfence.com/images/DevXy/NULL
NULL,43054,NULL,NULL,NULL,https://www.academyfence.com/images/DevXy/9922x2rollbk.png
NULL,43055,NULL,NULL,NULL,https://www.academyfence.com/images/DevXy/782x2rollbk.png
NULL,43058,NULL,NULL,NULL,https://www.academyfence.com/images/DevXy/5535x1rollbk.png
NULL,43060,NULL,NULL,NULL,https://www.academyfence.com/images/DevXy/815x1rollbk.png
NULL,43062,NULL,NULL,NULL,https://www.academyfence.com/images/DevXy/1412x4bk.jpg
NULL,15251,NULL,NULL,NULL,https://www.academyfence.com/images/DevXy/2541x1black.jpg
NULL,15252,NULL,NULL,NULL,https://www.academyfence.com/images/DevXy/9001x1black.jpg
NULL,15253,NULL,NULL,NULL,https://www.academyfence.com/images/DevXy/891x1black.jpg
NULL,15254,NULL,NULL,NULL,https://www.academyfence.com/images/DevXy/9481x1black.jpg
NULL,15255,NULL,NULL,NULL,https://www.academyfence.com/images/DevXy/6931x1black.jpg
NULL,15256,NULL,NULL,NULL,https://www.academyfence.com/images/DevXy/1811x1black.jpg
NULL,15257,NULL,NULL,NULL,https://www.academyfence.com/images/DevXy/391x1green.jpg
NULL,15258,NULL,NULL,NULL,https://www.academyfence.com/images/DevXy/5331x1green.jpg
NULL,15259,NULL,NULL,NULL,https://www.academyfence.com/images/DevXy/8731x1green.jpg
NULL,15260,NULL,NULL,NULL,https://www.academyfence.com/images/DevXy/2061x1green.jpg
NULL,15261,NULL,NULL,NULL,https://www.academyfence.com/images/DevXy/2551x1green.jpg
NULL,15262,NULL,NULL,NULL,https://www.academyfence.com/images/DevXy/7651x1green.jpg
NULL,16407,NULL,NULL,NULL,https://www.academyfence.com/images/DevXy/1142x4rollgr.gif.png
NULL,16408,NULL,NULL,NULL,https://www.academyfence.com/images/DevXy/12x4gr.jpg
NULL,16409,NULL,NULL,NULL,https://www.academyfence.com/images/DevXy/2582x4rollbk.png
NULL,18522,NULL,NULL,NULL,https://www.academyfence.com/images/DevXy/NULL
NULL,35806,NULL,NULL,NULL,https://www.academyfence.com/images/DevXy/3271x1black.jpg
NULL,35805,NULL,NULL,NULL,https://www.academyfence.com/images/DevXy/6141x1black.jpg
NULL,35803,NULL,NULL,NULL,https://www.academyfence.com/images/DevXy/NULL
NULL,35802,NULL,NULL,NULL,https://www.academyfence.com/images/DevXy/95115x4black.jpg
NULL,35801,NULL,NULL,NULL,https://www.academyfence.com/images/DevXy/44315x4black.jpg
NULL,35799,NULL,NULL,NULL,https://www.academyfence.com/images/DevXy/4362x4rollbk.gif
NULL,35818,NULL,NULL,NULL,https://www.academyfence.com/images/DevXy/1102x4rollbk.png
NULL,35820,NULL,NULL,NULL,https://www.academyfence.com/images/DevXy/7482x4rollbk.png
NULL,35839,NULL,NULL,NULL,https://www.academyfence.com/images/DevXy/6602x4rollbk.png
NULL,36934,NULL,NULL,NULL,https://www.academyfence.com/images/DevXy/9261x1black.jpg
NULL,42660,NULL,NULL,NULL,https://www.academyfence.com/images/DevXy/2788261x1black.jpg
NULL,43725,NULL,NULL,NULL,https://www.academyfence.com/images/DevXy/NULL
NULL,43731,NULL,NULL,NULL,https://www.academyfence.com/images/DevXy/NULL
