original_product_id,product_id,product_name,item_no,price_per_unit,shippable,family_category_id,description
557,NULL,Welded Wire - Galvanized,WW151610036,530.0,1,3,"This galvanized welded wire roll has numerous properties that make it a good choice as a fence and many other applications. The zinc layer on its surface gives it extra protection and offers excellent corrosion resistance and high strengths, even at thinner gauges. It is flexible and will not break when bent. It maintains its properties in hot and cold temperatures. It’s low cost makes it the perfect choice over base metal like aluminum or stainless steel. It’s durability makes it a good choice over less resistant plastic fencing options."
558,NULL,Welded Wire - Galvanized,WW151610048,660.0,1,3,"This galvanized welded wire roll has numerous properties that make it a good choice as a fence and many other applications. The zinc layer on its surface gives it extra protection and offers excellent corrosion resistance and high strengths, even at thinner gauges. It is flexible and will not break when bent. It maintains its properties in hot and cold temperatures. It’s low cost makes it the perfect choice over base metal like aluminum or stainless steel. It’s durability makes it a good choice over less resistant plastic fencing options."
559,NULL,Welded Wire - Galvanized,WW15195024,78.0,1,3,"This galvanized welded wire roll has numerous properties that make it a good choice as a fence and many other applications. The zinc layer on its surface gives it extra protection and offers excellent corrosion resistance and high strengths, even at thinner gauges. It is flexible and will not break when bent. It maintains its properties in hot and cold temperatures. It’s low cost makes it the perfect choice over base metal like aluminum or stainless steel. It’s durability makes it a good choice over less resistant plastic fencing options."
560,NULL,Welded Wire - Galvanized,WW15195036,100.0,1,3,"This galvanized welded wire roll has numerous properties that make it a good choice as a fence and many other applications. The zinc layer on its surface gives it extra protection and offers excellent corrosion resistance and high strengths, even at thinner gauges. It is flexible and will not break when bent. It maintains its properties in hot and cold temperatures. It’s low cost makes it the perfect choice over base metal like aluminum or stainless steel. It’s durability makes it a good choice over less resistant plastic fencing options."
561,NULL,Welded Wire - Galvanized,WW15195048,110.0,1,3,"This galvanized welded wire roll has numerous properties that make it a good choice as a fence and many other applications. The zinc layer on its surface gives it extra protection and offers excellent corrosion resistance and high strengths, even at thinner gauges. It is flexible and will not break when bent. It maintains its properties in hot and cold temperatures. It’s low cost makes it the perfect choice over base metal like aluminum or stainless steel. It’s durability makes it a good choice over less resistant plastic fencing options."
562,NULL,Welded Wire - Galvanized,WW151910024,120.0,1,3,"This galvanized welded wire roll has numerous properties that make it a good choice as a fence and many other applications. The zinc layer on its surface gives it extra protection and offers excellent corrosion resistance and high strengths, even at thinner gauges. It is flexible and will not break when bent. It maintains its properties in hot and cold temperatures. It’s low cost makes it the perfect choice over base metal like aluminum or stainless steel. It’s durability makes it a good choice over less resistant plastic fencing options."
563,NULL,Welded Wire - Galvanized,WW151910030,150.0,1,3,"This galvanized welded wire roll has numerous properties that make it a good choice as a fence and many other applications. The zinc layer on its surface gives it extra protection and offers excellent corrosion resistance and high strengths, even at thinner gauges. It is flexible and will not break when bent. It maintains its properties in hot and cold temperatures. It’s low cost makes it the perfect choice over base metal like aluminum or stainless steel. It’s durability makes it a good choice over less resistant plastic fencing options."
564,NULL,Welded Wire - Galvanized,WW151910036,180.0,1,3,"This galvanized welded wire roll has numerous properties that make it a good choice as a fence and many other applications. The zinc layer on its surface gives it extra protection and offers excellent corrosion resistance and high strengths, even at thinner gauges. It is flexible and will not break when bent. It maintains its properties in hot and cold temperatures. It’s low cost makes it the perfect choice over base metal like aluminum or stainless steel. It’s durability makes it a good choice over less resistant plastic fencing options."
565,NULL,Welded Wire - Galvanized,WW151910048,325.0,1,3,"This galvanized welded wire roll has numerous properties that make it a good choice as a fence and many other applications. The zinc layer on its surface gives it extra protection and offers excellent corrosion resistance and high strengths, even at thinner gauges. It is flexible and will not break when bent. It maintains its properties in hot and cold temperatures. It’s low cost makes it the perfect choice over base metal like aluminum or stainless steel. It’s durability makes it a good choice over less resistant plastic fencing options."
566,NULL,Welded Wire - Galvanized,WW151910060,400.0,1,3,"This galvanized welded wire roll has numerous properties that make it a good choice as a fence and many other applications. The zinc layer on its surface gives it extra protection and offers excellent corrosion resistance and high strengths, even at thinner gauges. It is flexible and will not break when bent. It maintains its properties in hot and cold temperatures. It’s low cost makes it the perfect choice over base metal like aluminum or stainless steel. It’s durability makes it a good choice over less resistant plastic fencing options."
567,NULL,Welded Wire - Galvanized,WW14235024,100.0,1,3,"This galvanized welded wire roll has numerous properties that make it a good choice as a fence and many other applications. The zinc layer on its surface gives it extra protection and offers excellent corrosion resistance and high strengths, even at thinner gauges. It is flexible and will not break when bent. It maintains its properties in hot and cold temperatures. It’s low cost makes it the perfect choice over base metal like aluminum or stainless steel. It’s durability makes it a good choice over less resistant plastic fencing options."
568,NULL,Welded Wire - Galvanized,WW14235036,140.0,1,3,"This galvanized welded wire roll has numerous properties that make it a good choice as a fence and many other applications. The zinc layer on its surface gives it extra protection and offers excellent corrosion resistance and high strengths, even at thinner gauges. It is flexible and will not break when bent. It maintains its properties in hot and cold temperatures. It’s low cost makes it the perfect choice over base metal like aluminum or stainless steel. It’s durability makes it a good choice over less resistant plastic fencing options."
569,NULL,Welded Wire - Galvanized,WW14235048,160.0,1,3,"This galvanized welded wire roll has numerous properties that make it a good choice as a fence and many other applications. The zinc layer on its surface gives it extra protection and offers excellent corrosion resistance and high strengths, even at thinner gauges. It is flexible and will not break when bent. It maintains its properties in hot and cold temperatures. It’s low cost makes it the perfect choice over base metal like aluminum or stainless steel. It’s durability makes it a good choice over less resistant plastic fencing options."
570,NULL,Welded Wire - Galvanized,WW142310024,160.0,1,3,"This galvanized welded wire roll has numerous properties that make it a good choice as a fence and many other applications. The zinc layer on its surface gives it extra protection and offers excellent corrosion resistance and high strengths, even at thinner gauges. It is flexible and will not break when bent. It maintains its properties in hot and cold temperatures. It’s low cost makes it the perfect choice over base metal like aluminum or stainless steel. It’s durability makes it a good choice over less resistant plastic fencing options."
571,NULL,Welded Wire - Galvanized,WW142310030,190.0,1,3,"This galvanized welded wire roll has numerous properties that make it a good choice as a fence and many other applications. The zinc layer on its surface gives it extra protection and offers excellent corrosion resistance and high strengths, even at thinner gauges. It is flexible and will not break when bent. It maintains its properties in hot and cold temperatures. It’s low cost makes it the perfect choice over base metal like aluminum or stainless steel. It’s durability makes it a good choice over less resistant plastic fencing options."
572,NULL,Welded Wire - Galvanized,WW142310036,230.0,1,3,"This galvanized welded wire roll has numerous properties that make it a good choice as a fence and many other applications. The zinc layer on its surface gives it extra protection and offers excellent corrosion resistance and high strengths, even at thinner gauges. It is flexible and will not break when bent. It maintains its properties in hot and cold temperatures. It’s low cost makes it the perfect choice over base metal like aluminum or stainless steel. It’s durability makes it a good choice over less resistant plastic fencing options."
573,NULL,Welded Wire - Galvanized,WW142310048,280.0,1,3,"This galvanized welded wire roll has numerous properties that make it a good choice as a fence and many other applications. The zinc layer on its surface gives it extra protection and offers excellent corrosion resistance and high strengths, even at thinner gauges. It is flexible and will not break when bent. It maintains its properties in hot and cold temperatures. It’s low cost makes it the perfect choice over base metal like aluminum or stainless steel. It’s durability makes it a good choice over less resistant plastic fencing options."
574,NULL,Welded Wire - Galvanized,WW182710024,240.0,1,3,"This galvanized welded wire roll has numerous properties that make it a good choice as a fence and many other applications. The zinc layer on its surface gives it extra protection and offers excellent corrosion resistance and high strengths, even at thinner gauges. It is flexible and will not break when bent. It maintains its properties in hot and cold temperatures. It’s low cost makes it the perfect choice over base metal like aluminum or stainless steel. It’s durability makes it a good choice over less resistant plastic fencing options."
575,NULL,Welded Wire - Galvanized,WW182710030,250.0,1,3,"This galvanized welded wire roll has numerous properties that make it a good choice as a fence and many other applications. The zinc layer on its surface gives it extra protection and offers excellent corrosion resistance and high strengths, even at thinner gauges. It is flexible and will not break when bent. It maintains its properties in hot and cold temperatures. It’s low cost makes it the perfect choice over base metal like aluminum or stainless steel. It’s durability makes it a good choice over less resistant plastic fencing options."
576,NULL,Welded Wire - Galvanized,WW182710036,270.0,1,3,"This galvanized welded wire roll has numerous properties that make it a good choice as a fence and many other applications. The zinc layer on its surface gives it extra protection and offers excellent corrosion resistance and high strengths, even at thinner gauges. It is flexible and will not break when bent. It maintains its properties in hot and cold temperatures. It’s low cost makes it the perfect choice over base metal like aluminum or stainless steel. It’s durability makes it a good choice over less resistant plastic fencing options."
577,NULL,Welded Wire - Galvanized,WW182710048,360.0,1,3,"This galvanized welded wire roll has numerous properties that make it a good choice as a fence and many other applications. The zinc layer on its surface gives it extra protection and offers excellent corrosion resistance and high strengths, even at thinner gauges. It is flexible and will not break when bent. It maintains its properties in hot and cold temperatures. It’s low cost makes it the perfect choice over base metal like aluminum or stainless steel. It’s durability makes it a good choice over less resistant plastic fencing options."
3355,NULL,Welded Wire - Galvanized,WW241210048,220.0,1,3,"This galvanized welded wire roll has numerous properties that make it a good choice as a fence and many other applications. The zinc layer on its surface gives it extra protection and offers excellent corrosion resistance and high strengths, even at thinner gauges. It is flexible and will not break when bent. It maintains its properties in hot and cold temperatures. It’s low cost makes it the perfect choice over base metal like aluminum or stainless steel. It’s durability makes it a good choice over less resistant plastic fencing options."
3356,NULL,Welded Wire - Galvanized,WW241210060,260.0,1,3,"This galvanized welded wire roll has numerous properties that make it a good choice as a fence and many other applications. The zinc layer on its surface gives it extra protection and offers excellent corrosion resistance and high strengths, even at thinner gauges. It is flexible and will not break when bent. It maintains its properties in hot and cold temperatures. It’s low cost makes it the perfect choice over base metal like aluminum or stainless steel. It’s durability makes it a good choice over less resistant plastic fencing options."
3357,NULL,Welded Wire - Galvanized,WW241210072,330.0,1,3,"This galvanized welded wire roll has numerous properties that make it a good choice as a fence and many other applications. The zinc layer on its surface gives it extra protection and offers excellent corrosion resistance and high strengths, even at thinner gauges. It is flexible and will not break when bent. It maintains its properties in hot and cold temperatures. It’s low cost makes it the perfect choice over base metal like aluminum or stainless steel. It’s durability makes it a good choice over less resistant plastic fencing options."
3358,NULL,Welded Wire - Galvanized,WW24145036,60.0,1,3,"This galvanized welded wire roll has numerous properties that make it a good choice as a fence and many other applications. The zinc layer on its surface gives it extra protection and offers excellent corrosion resistance and high strengths, even at thinner gauges. It is flexible and will not break when bent. It maintains its properties in hot and cold temperatures. It’s low cost makes it the perfect choice over base metal like aluminum or stainless steel. It’s durability makes it a good choice over less resistant plastic fencing options."
3359,NULL,Welded Wire - Galvanized,WW24145048,90.0,1,3,"This galvanized welded wire roll has numerous properties that make it a good choice as a fence and many other applications. The zinc layer on its surface gives it extra protection and offers excellent corrosion resistance and high strengths, even at thinner gauges. It is flexible and will not break when bent. It maintains its properties in hot and cold temperatures. It’s low cost makes it the perfect choice over base metal like aluminum or stainless steel. It’s durability makes it a good choice over less resistant plastic fencing options."
3360,NULL,Welded Wire - Galvanized,WW24145060,95.0,1,3,"This galvanized welded wire roll has numerous properties that make it a good choice as a fence and many other applications. The zinc layer on its surface gives it extra protection and offers excellent corrosion resistance and high strengths, even at thinner gauges. It is flexible and will not break when bent. It maintains its properties in hot and cold temperatures. It’s low cost makes it the perfect choice over base metal like aluminum or stainless steel. It’s durability makes it a good choice over less resistant plastic fencing options."
3361,NULL,Welded Wire - Galvanized,WW24145072,120.0,1,3,"This galvanized welded wire roll has numerous properties that make it a good choice as a fence and many other applications. The zinc layer on its surface gives it extra protection and offers excellent corrosion resistance and high strengths, even at thinner gauges. It is flexible and will not break when bent. It maintains its properties in hot and cold temperatures. It’s low cost makes it the perfect choice over base metal like aluminum or stainless steel. It’s durability makes it a good choice over less resistant plastic fencing options."
3362,NULL,Welded Wire - Galvanized,WW241410036,120.0,1,3,"This galvanized welded wire roll has numerous properties that make it a good choice as a fence and many other applications. The zinc layer on its surface gives it extra protection and offers excellent corrosion resistance and high strengths, even at thinner gauges. It is flexible and will not break when bent. It maintains its properties in hot and cold temperatures. It’s low cost makes it the perfect choice over base metal like aluminum or stainless steel. It’s durability makes it a good choice over less resistant plastic fencing options."
3363,NULL,Welded Wire - Galvanized,WW241410048,150.0,1,3,"This galvanized welded wire roll has numerous properties that make it a good choice as a fence and many other applications. The zinc layer on its surface gives it extra protection and offers excellent corrosion resistance and high strengths, even at thinner gauges. It is flexible and will not break when bent. It maintains its properties in hot and cold temperatures. It’s low cost makes it the perfect choice over base metal like aluminum or stainless steel. It’s durability makes it a good choice over less resistant plastic fencing options."
3364,NULL,Welded Wire - Galvanized,WW241410060,180.0,1,3,"This galvanized welded wire roll has numerous properties that make it a good choice as a fence and many other applications. The zinc layer on its surface gives it extra protection and offers excellent corrosion resistance and high strengths, even at thinner gauges. It is flexible and will not break when bent. It maintains its properties in hot and cold temperatures. It’s low cost makes it the perfect choice over base metal like aluminum or stainless steel. It’s durability makes it a good choice over less resistant plastic fencing options."
3365,NULL,Welded Wire - Galvanized,WW241410072,220.0,1,3,"This galvanized welded wire roll has numerous properties that make it a good choice as a fence and many other applications. The zinc layer on its surface gives it extra protection and offers excellent corrosion resistance and high strengths, even at thinner gauges. It is flexible and will not break when bent. It maintains its properties in hot and cold temperatures. It’s low cost makes it the perfect choice over base metal like aluminum or stainless steel. It’s durability makes it a good choice over less resistant plastic fencing options."
3366,NULL,Welded Wire - Galvanized,WW111610036,190.0,1,3,"This galvanized welded wire roll has numerous properties that make it a good choice as a fence and many other applications. The zinc layer on its surface gives it extra protection and offers excellent corrosion resistance and high strengths, even at thinner gauges. It is flexible and will not break when bent. It maintains its properties in hot and cold temperatures. It’s low cost makes it the perfect choice over base metal like aluminum or stainless steel. It’s durability makes it a good choice over less resistant plastic fencing options."
3367,NULL,Welded Wire - Galvanized,WW111610048,260.0,1,3,"This galvanized welded wire roll has numerous properties that make it a good choice as a fence and many other applications. The zinc layer on its surface gives it extra protection and offers excellent corrosion resistance and high strengths, even at thinner gauges. It is flexible and will not break when bent. It maintains its properties in hot and cold temperatures. It’s low cost makes it the perfect choice over base metal like aluminum or stainless steel. It’s durability makes it a good choice over less resistant plastic fencing options."
3368,NULL,Welded Wire - Galvanized,WW111610060,290.0,1,3,"This galvanized welded wire roll has numerous properties that make it a good choice as a fence and many other applications. The zinc layer on its surface gives it extra protection and offers excellent corrosion resistance and high strengths, even at thinner gauges. It is flexible and will not break when bent. It maintains its properties in hot and cold temperatures. It’s low cost makes it the perfect choice over base metal like aluminum or stainless steel. It’s durability makes it a good choice over less resistant plastic fencing options."
3369,NULL,Welded Wire - Galvanized,WW111610072,380.0,1,3,"This galvanized welded wire roll has numerous properties that make it a good choice as a fence and many other applications. The zinc layer on its surface gives it extra protection and offers excellent corrosion resistance and high strengths, even at thinner gauges. It is flexible and will not break when bent. It maintains its properties in hot and cold temperatures. It’s low cost makes it the perfect choice over base metal like aluminum or stainless steel. It’s durability makes it a good choice over less resistant plastic fencing options."
3370,NULL,Welded Wire - Galvanized,WW111410036,250.0,1,3,"This galvanized welded wire roll has numerous properties that make it a good choice as a fence and many other applications. The zinc layer on its surface gives it extra protection and offers excellent corrosion resistance and high strengths, even at thinner gauges. It is flexible and will not break when bent. It maintains its properties in hot and cold temperatures. It’s low cost makes it the perfect choice over base metal like aluminum or stainless steel. It’s durability makes it a good choice over less resistant plastic fencing options."
3371,NULL,Welded Wire - Galvanized,WW111410048,320.0,1,3,"This galvanized welded wire roll has numerous properties that make it a good choice as a fence and many other applications. The zinc layer on its surface gives it extra protection and offers excellent corrosion resistance and high strengths, even at thinner gauges. It is flexible and will not break when bent. It maintains its properties in hot and cold temperatures. It’s low cost makes it the perfect choice over base metal like aluminum or stainless steel. It’s durability makes it a good choice over less resistant plastic fencing options."
3373,NULL,Welded Wire - Galvanized,WW32165036,31.75,1,3,"This galvanized welded wire roll has numerous properties that make it a good choice as a fence and many other applications. The zinc layer on its surface gives it extra protection and offers excellent corrosion resistance and high strengths, even at thinner gauges. It is flexible and will not break when bent. It maintains its properties in hot and cold temperatures. It’s low cost makes it the perfect choice over base metal like aluminum or stainless steel. It’s durability makes it a good choice over less resistant plastic fencing options."
3374,NULL,Welded Wire - Galvanized,WW32165048,44.65,1,3,"This galvanized welded wire roll has numerous properties that make it a good choice as a fence and many other applications. The zinc layer on its surface gives it extra protection and offers excellent corrosion resistance and high strengths, even at thinner gauges. It is flexible and will not break when bent. It maintains its properties in hot and cold temperatures. It’s low cost makes it the perfect choice over base metal like aluminum or stainless steel. It’s durability makes it a good choice over less resistant plastic fencing options."
3375,NULL,Welded Wire - Galvanized,WW12145036,175.0,1,3,"This galvanized welded wire roll has numerous properties that make it a good choice as a fence and many other applications. The zinc layer on its surface gives it extra protection and offers excellent corrosion resistance and high strengths, even at thinner gauges. It is flexible and will not break when bent. It maintains its properties in hot and cold temperatures. It’s low cost makes it the perfect choice over base metal like aluminum or stainless steel. It’s durability makes it a good choice over less resistant plastic fencing options."
3376,NULL,Welded Wire - Galvanized,WW12145048,200.0,1,3,"This galvanized welded wire roll has numerous properties that make it a good choice as a fence and many other applications. The zinc layer on its surface gives it extra protection and offers excellent corrosion resistance and high strengths, even at thinner gauges. It is flexible and will not break when bent. It maintains its properties in hot and cold temperatures. It’s low cost makes it the perfect choice over base metal like aluminum or stainless steel. It’s durability makes it a good choice over less resistant plastic fencing options."
3377,NULL,Welded Wire - Galvanized,WW121410018,200.0,1,3,"This galvanized welded wire roll has numerous properties that make it a good choice as a fence and many other applications. The zinc layer on its surface gives it extra protection and offers excellent corrosion resistance and high strengths, even at thinner gauges. It is flexible and will not break when bent. It maintains its properties in hot and cold temperatures. It’s low cost makes it the perfect choice over base metal like aluminum or stainless steel. It’s durability makes it a good choice over less resistant plastic fencing options."
3378,NULL,Welded Wire - Galvanized,WW121410024,200.0,1,3,"This galvanized welded wire roll has numerous properties that make it a good choice as a fence and many other applications. The zinc layer on its surface gives it extra protection and offers excellent corrosion resistance and high strengths, even at thinner gauges. It is flexible and will not break when bent. It maintains its properties in hot and cold temperatures. It’s low cost makes it the perfect choice over base metal like aluminum or stainless steel. It’s durability makes it a good choice over less resistant plastic fencing options."
3379,NULL,Welded Wire - Galvanized,WW121410036,300.0,1,3,"This galvanized welded wire roll has numerous properties that make it a good choice as a fence and many other applications. The zinc layer on its surface gives it extra protection and offers excellent corrosion resistance and high strengths, even at thinner gauges. It is flexible and will not break when bent. It maintains its properties in hot and cold temperatures. It’s low cost makes it the perfect choice over base metal like aluminum or stainless steel. It’s durability makes it a good choice over less resistant plastic fencing options."
3380,NULL,Welded Wire - Galvanized,WW121410048,360.0,1,3,"This galvanized welded wire roll has numerous properties that make it a good choice as a fence and many other applications. The zinc layer on its surface gives it extra protection and offers excellent corrosion resistance and high strengths, even at thinner gauges. It is flexible and will not break when bent. It maintains its properties in hot and cold temperatures. It’s low cost makes it the perfect choice over base metal like aluminum or stainless steel. It’s durability makes it a good choice over less resistant plastic fencing options."
3381,NULL,Welded Wire - Galvanized,WW121410060,450.0,1,3,"This galvanized welded wire roll has numerous properties that make it a good choice as a fence and many other applications. The zinc layer on its surface gives it extra protection and offers excellent corrosion resistance and high strengths, even at thinner gauges. It is flexible and will not break when bent. It maintains its properties in hot and cold temperatures. It’s low cost makes it the perfect choice over base metal like aluminum or stainless steel. It’s durability makes it a good choice over less resistant plastic fencing options."
3382,NULL,Welded Wire - Galvanized,WW121410072,500.0,1,3,"This galvanized welded wire roll has numerous properties that make it a good choice as a fence and many other applications. The zinc layer on its surface gives it extra protection and offers excellent corrosion resistance and high strengths, even at thinner gauges. It is flexible and will not break when bent. It maintains its properties in hot and cold temperatures. It’s low cost makes it the perfect choice over base metal like aluminum or stainless steel. It’s durability makes it a good choice over less resistant plastic fencing options."
3383,NULL,Welded Wire - Galvanized,WW1511610024,200.0,1,3,"This galvanized welded wire roll has numerous properties that make it a good choice as a fence and many other applications. The zinc layer on its surface gives it extra protection and offers excellent corrosion resistance and high strengths, even at thinner gauges. It is flexible and will not break when bent. It maintains its properties in hot and cold temperatures. It’s low cost makes it the perfect choice over base metal like aluminum or stainless steel. It’s durability makes it a good choice over less resistant plastic fencing options."
3384,NULL,Welded Wire - Galvanized,WW1511610036,230.0,1,3,"This galvanized welded wire roll has numerous properties that make it a good choice as a fence and many other applications. The zinc layer on its surface gives it extra protection and offers excellent corrosion resistance and high strengths, even at thinner gauges. It is flexible and will not break when bent. It maintains its properties in hot and cold temperatures. It’s low cost makes it the perfect choice over base metal like aluminum or stainless steel. It’s durability makes it a good choice over less resistant plastic fencing options."
3385,NULL,Welded Wire - Galvanized,WW151636100,NULL,1,3,"This galvanized welded wire roll has numerous properties that make it a good choice as a fence and many other applications. The zinc layer on its surface gives it extra protection and offers excellent corrosion resistance and high strengths, even at thinner gauges. It is flexible and will not break when bent. It maintains its properties in hot and cold temperatures. It’s low cost makes it the perfect choice over base metal like aluminum or stainless steel. It’s durability makes it a good choice over less resistant plastic fencing options."
3386,NULL,Welded Wire - Galvanized,WW1511610048,360.0,1,3,"This galvanized welded wire roll has numerous properties that make it a good choice as a fence and many other applications. The zinc layer on its surface gives it extra protection and offers excellent corrosion resistance and high strengths, even at thinner gauges. It is flexible and will not break when bent. It maintains its properties in hot and cold temperatures. It’s low cost makes it the perfect choice over base metal like aluminum or stainless steel. It’s durability makes it a good choice over less resistant plastic fencing options."
36930,NULL,Welded Wire - Galvanized,WW241210036,150.0,1,3,"This galvanized welded wire roll has numerous properties that make it a good choice as a fence and many other applications. The zinc layer on its surface gives it extra protection and offers excellent corrosion resistance and high strengths, even at thinner gauges. It is flexible and will not break when bent. It maintains its properties in hot and cold temperatures. It’s low cost makes it the perfect choice over base metal like aluminum or stainless steel. It’s durability makes it a good choice over less resistant plastic fencing options."
36932,NULL,Welded Wire - Galvanized,WW111410024,200.0,1,3,"This galvanized welded wire roll has numerous properties that make it a good choice as a fence and many other applications. The zinc layer on its surface gives it extra protection and offers excellent corrosion resistance and high strengths, even at thinner gauges. It is flexible and will not break when bent. It maintains its properties in hot and cold temperatures. It’s low cost makes it the perfect choice over base metal like aluminum or stainless steel. It’s durability makes it a good choice over less resistant plastic fencing options."
36933,NULL,Welded Wire - Galvanized,WW111410060,460.0,1,3,"This galvanized welded wire roll has numerous properties that make it a good choice as a fence and many other applications. The zinc layer on its surface gives it extra protection and offers excellent corrosion resistance and high strengths, even at thinner gauges. It is flexible and will not break when bent. It maintains its properties in hot and cold temperatures. It’s low cost makes it the perfect choice over base metal like aluminum or stainless steel. It’s durability makes it a good choice over less resistant plastic fencing options."
43762,NULL,Welded Wire - Galvanized,WW23165048,65.0,1,3,"This galvanized welded wire roll has numerous properties that make it a good choice as a fence and many other applications. The zinc layer on its surface gives it extra protection and offers excellent corrosion resistance and high strengths, even at thinner gauges. It is flexible and will not break when bent. It maintains its properties in hot and cold temperatures. It’s low cost makes it the perfect choice over base metal like aluminum or stainless steel. It’s durability makes it a good choice over less resistant plastic fencing options."
43763,NULL,Welded Wire - Galvanized,WW231648G,NULL,1,3,"This galvanized welded wire roll has numerous properties that make it a good choice as a fence and many other applications. The zinc layer on its surface gives it extra protection and offers excellent corrosion resistance and high strengths, even at thinner gauges. It is flexible and will not break when bent. It maintains its properties in hot and cold temperatures. It’s low cost makes it the perfect choice over base metal like aluminum or stainless steel. It’s durability makes it a good choice over less resistant plastic fencing options."
43796,NULL,Welded Wire - Galvanized,WW23165036,55.0,1,3,"This galvanized welded wire roll has numerous properties that make it a good choice as a fence and many other applications. The zinc layer on its surface gives it extra protection and offers excellent corrosion resistance and high strengths, even at thinner gauges. It is flexible and will not break when bent. It maintains its properties in hot and cold temperatures. It’s low cost makes it the perfect choice over base metal like aluminum or stainless steel. It’s durability makes it a good choice over less resistant plastic fencing options."
43797,NULL,Welded Wire - Galvanized,WW231636,NULL,1,3,"This galvanized welded wire roll has numerous properties that make it a good choice as a fence and many other applications. The zinc layer on its surface gives it extra protection and offers excellent corrosion resistance and high strengths, even at thinner gauges. It is flexible and will not break when bent. It maintains its properties in hot and cold temperatures. It’s low cost makes it the perfect choice over base metal like aluminum or stainless steel. It’s durability makes it a good choice over less resistant plastic fencing options."
